{"cameraMode":{"drawMode":0,"name":"Shaded","section":"Shading Mode"},"sceneLighting":true,"audioPlay":false,"sceneViewState":{"showFog":true,"showMaterialUpdate":false,"showSkybox":true,"showFlares":true,"showImageEffects":true,"showParticleSystems":true},"in2DMode":false,"pivot":{"x":-8.729809761047364,"y":-2.90631365776062,"z":-6.811976432800293},"rotation":{"x":0.33772316575050356,"y":-0.45650002360343935,"z":0.19261722266674043,"w":0.8003058433532715},"size":6.240044593811035,"orthographic":false}